{
  "project_info": {
    "project_number": "737473941648",
    "project_id": "lingua-connect-59173",
    "storage_bucket": "lingua-connect-59173.appspot.com"
  },
  "client": [
    {
      "client_info": {
        "mobilesdk_app_id": "1:737473941648:android:1b3de325acc8b8e0fec815",
        "android_client_info": {
          "package_name": "com.tuempresa.linguaconnect"
        }
      },
      "oauth_client": [],
      "api_key": [
        {
          "current_key": "AIzaSyCXpvx0HnIchZ-9ZawfAqYP5oFUBMiwMyU"
        }
      ],
      "services": {
        "appinvite_service": {
          "other_platform_oauth_client": []
        }
      }
    }
  ],
  "configuration_version": "1"
}